<?xml version="1.0" encoding="utf-8" standalone="yes"?><rss version="2.0" xmlns:atom="http://www.w3.org/2005/Atom" xmlns:content="http://purl.org/rss/1.0/modules/content/"><channel><title>Cloudwatch on AWS Insiders</title><link>https://awsinsiders.com/tags/cloudwatch/</link><description>Recent content in Cloudwatch on AWS Insiders</description><generator>Hugo -- 0.147.6</generator><language>en-us</language><lastBuildDate>Mon, 23 Jun 2025 00:00:00 +0000</lastBuildDate><atom:link href="https://awsinsiders.com/tags/cloudwatch/index.xml" rel="self" type="application/rss+xml"/><item><title>How I Monitor SIP Traffic Without Losing My Mind</title><link>https://awsinsiders.com/posts/how-i-monitor-sip-traffic/</link><pubDate>Mon, 23 Jun 2025 00:00:00 +0000</pubDate><guid>https://awsinsiders.com/posts/how-i-monitor-sip-traffic/</guid><description>&lt;p>Let’s be real — monitoring SIP traffic can feel like trying to chase down a raccoon in a data center: chaotic, loud, and a little bit pointless unless you know exactly what you’re looking for.&lt;/p>
&lt;p>Over the years, I’ve developed a few strategies (and a high tolerance for packet capture rage) that help me make sense of what’s going on when users scream, “My call dropped!”&lt;/p>
&lt;h3 id="-oracle-eom-the-sip-whisperer">🛠️ Oracle EOM: The SIP Whisperer&lt;/h3>
&lt;p>If you’re lucky enough to be using Oracle Enterprise Operations Monitor (EOM), you know it’s basically &lt;strong>Wireshark with a suit on&lt;/strong>. It decodes SIP dialogs, tags retransmissions, highlights 4xx/5xx errors, and even lets you search by &lt;strong>Call-ID or phone number&lt;/strong> (bless it).&lt;/p></description></item></channel></rss>