<?xml version="1.0" encoding="utf-8" standalone="yes"?><rss version="2.0" xmlns:atom="http://www.w3.org/2005/Atom" xmlns:content="http://purl.org/rss/1.0/modules/content/"><channel><title>Tip on AWS Insiders</title><link>https://awsinsiders.com/tags/tip/</link><description>Recent content in Tip on AWS Insiders</description><generator>Hugo -- 0.147.6</generator><language>en-us</language><lastBuildDate>Wed, 25 Jun 2025 00:00:00 +0000</lastBuildDate><atom:link href="https://awsinsiders.com/tags/tip/index.xml" rel="self" type="application/rss+xml"/><item><title>AWS CLI Profile Switching Tip</title><link>https://awsinsiders.com/daily/aws-cli-profile-switching-tip/</link><pubDate>Wed, 25 Jun 2025 00:00:00 +0000</pubDate><guid>https://awsinsiders.com/daily/aws-cli-profile-switching-tip/</guid><description>&lt;p>Use &lt;code>aws configure --profile&lt;/code> to quickly switch credentials across multiple AWS accounts without re-authenticating every time. Save time. Avoid stress. Impress your cloud cat.&lt;/p></description></item></channel></rss>